"Id","Position","First Name","Nickname","Last Name","FPPG","Played","Salary","Game","Team","Opponent","Injury Indicator","Injury Details","",""
"21429-9416","G","Braden","Braden Holtby","Holtby","28.399999618530273","2","9200","PIT@WAS","WAS","PIT","","","",""
"21429-8412","G","Jonathan","Jonathan Quick","Quick","37.599998474121094","2","9000","CGY@LA","LA","CGY","","","",""
"21429-8594","C","Sidney","Sidney Crosby","Crosby","19.8000005086263","3","9000","PIT@WAS","PIT","WAS","","","",""
"21429-8718","W","Alex","Alex Ovechkin","Ovechkin","38.833333333333336","3","8800","PIT@WAS","WAS","PIT","","","",""
"21429-42869","G","Matt","Matt Murray","Murray","13.333333333333334","3","8800","PIT@WAS","PIT","WAS","","","",""
"21429-23072","G","Frederik","Frederik Andersen","Andersen","20.8000005086263","3","8600","NJ@TOR","TOR","NJ","","","",""
"21429-8781","G","Cory","Cory Schneider","Schneider","31.200000762939453","2","8300","NJ@TOR","NJ","TOR","","","",""
"21429-8595","C","Evgeni","Evgeni Malkin","Malkin","18.733333587646484","3","8300","PIT@WAS","PIT","WAS","","","",""
"21429-15268","G","John","John Gibson","Gibson","15.199999491373697","3","8300","NYI@ANH","ANH","NYI","","","",""
"21429-8193","G","Tuukka","Tuukka Rask","Rask","12","2","8200","BOS@COL","BOS","COL","","","",""
"21429-8672","G","Mike","Mike Smith","Smith","33.333333333333336","3","8200","CGY@LA","CGY","LA","","","",""
"21429-8494","C","John","John Tavares","Tavares","18.8000005086263","3","8000","NYI@ANH","NYI","ANH","","","",""
"21429-8732","G","Semyon","Semyon Varlamov","Varlamov","38.400001525878906","2","7900","BOS@COL","COL","BOS","","","",""
"21429-70899","C","Auston","Auston Matthews","Matthews","23.100001017252605","3","7900","NJ@TOR","TOR","NJ","","","",""
"21429-8212","G","Ryan","Ryan Miller","Miller","16.844443992332177","54","7800","NYI@ANH","ANH","NYI","IR","Upper body","",""
"21429-8893","G","Anton","Anton Khudobin","Khudobin","13.800000190734863","16","7800","BOS@COL","BOS","COL","","","",""
"21429-12697","G","Philipp","Philipp Grubauer","Grubauer","12.800000190734863","1","7800","PIT@WAS","WAS","PIT","","","",""
"21429-9288","G","Antti","Antti Niemi","Niemi","-8.800000190734863","1","7600","PIT@WAS","PIT","WAS","","","",""
"21429-8633","G","Thomas","Thomas Greiss","Greiss","7.599999904632568","2","7600","NYI@ANH","NYI","ANH","","","",""
"21429-8233","G","Curtis","Curtis McElhinney","McElhinney","16.761904761904763","21","7500","NJ@TOR","TOR","NJ","","","",""
"21429-8763","W","Brad","Brad Marchand","Marchand","9.399999618530273","2","7500","BOS@COL","BOS","COL","","","",""
"21429-11370","G","Eddie","Eddie Lack","Lack","13.360000610351562","20","7500","CGY@LA","CGY","LA","","","",""
"21429-54514","W","Johnny","Johnny Gaudreau","Gaudreau","18.900000254313152","3","7500","CGY@LA","CGY","LA","","","",""
"21429-8453","G","Jaroslav","Jaroslav Halak","Halak","14.800000190734863","2","7500","NYI@ANH","NYI","ANH","","","",""
"21429-8780","G","Jonathan","Jonathan Bernier","Bernier","12","1","7400","BOS@COL","COL","BOS","","","",""
"21429-43219","G","Kristers","Kristers Gudlevskis","Gudlevskis","2.4000000953674316","1","7400","NYI@ANH","NYI","ANH","","","",""
"21429-59218","W","David","David Pastrnak","Pastrnak","12.649999618530273","2","7400","BOS@COL","BOS","COL","","","",""
"21429-39349","G","Reto","Reto Berra","Berra","4.228571483067104","7","7400","NYI@ANH","ANH","NYI","","","",""
"21429-8682","W","Phil","Phil Kessel","Kessel","13.766666412353516","3","7400","PIT@WAS","PIT","WAS","","","",""
"21429-8134","C","Ryan","Ryan Getzlaf","Getzlaf","4.800000190734863","1","7300","NYI@ANH","ANH","NYI","","","",""
"21429-14466","G","Darcy","Darcy Kuemper","Kuemper","15.644444783528646","18","7200","CGY@LA","LA","CGY","","","",""
"21429-41389","C","Sean","Sean Monahan","Monahan","13.766666412353516","3","7200","CGY@LA","CGY","LA","","","",""
"21429-12410","W","Taylor","Taylor Hall","Hall","21.049999237060547","2","7100","NJ@TOR","NJ","TOR","","","",""
"21429-14183","G","Keith","Keith Kinkaid","Kinkaid","15.938461303710938","26","7100","NJ@TOR","NJ","TOR","","","",""
"21429-8175","C","Patrice","Patrice Bergeron","Bergeron","13.682278790051424","79","7100","BOS@COL","BOS","COL","DTD","Lower body","",""
"21429-52475","C","Evgeny","Evgeny Kuznetsov","Kuznetsov","24.333333333333332","3","7000","PIT@WAS","WAS","PIT","","","",""
"21429-8555","C","Jeff","Jeff Carter","Carter","8","2","6900","CGY@LA","LA","CGY","","","",""
"21429-8608","D","Kris","Kris Letang","Letang","9.066666920979818","3","6700","PIT@WAS","PIT","WAS","","","",""
"21429-59276","W","William","William Nylander","Nylander","15.366666158040365","3","6500","NJ@TOR","TOR","NJ","","","",""
"21429-15269","C","Rickard","Rickard Rakell","Rakell","16.266666412353516","3","6500","NYI@ANH","ANH","NYI","","","",""
"21429-70571","W","Jake","Jake Guentzel","Guentzel","12.166666666666666","3","6500","PIT@WAS","PIT","WAS","","","",""
"21429-8230","D","Mark","Mark Giordano","Giordano","12.966667175292969","3","6400","CGY@LA","CGY","LA","","","",""
"21429-8714","C","Nicklas","Nicklas Backstrom","Backstrom","16.766666412353516","3","6300","PIT@WAS","WAS","PIT","","","",""
"21429-66683","W","Mitchell","Mitchell Marner","Marner","15.90000025431315","3","6300","NJ@TOR","TOR","NJ","","","",""
"21429-8765","W","Patric","Patric Hornqvist","Hornqvist","12.864285714285714","70","6200","PIT@WAS","PIT","WAS","IR","Hand","",""
"21429-8741","C","Nazem","Nazem Kadri","Kadri","20.066666920979817","3","6100","NJ@TOR","TOR","NJ","","","",""
"21429-8142","W","Corey","Corey Perry","Perry","16.53333282470703","3","6100","NYI@ANH","ANH","NYI","","","",""
"21429-9025","W","Jordan","Jordan Eberle","Eberle","9.066666920979818","3","6000","NYI@ANH","NYI","ANH","","","",""
"21429-8635","W","T.J.","T.J. Oshie","Oshie","20.333333333333332","3","6000","PIT@WAS","WAS","PIT","","","",""
"21429-8797","W","James","James van Riemsdyk","van Riemsdyk","21.833333333333332","3","5900","NJ@TOR","TOR","NJ","","","",""
"21429-8394","C","Anze","Anze Kopitar","Kopitar","23.200000762939453","2","5700","CGY@LA","LA","CGY","","","",""
"21429-66737","W","Mikko","Mikko Rantanen","Rantanen","12.166666666666666","3","5600","BOS@COL","COL","BOS","","","",""
"21429-8619","W","Patrick","Patrick Marleau","Marleau","15.633333841959635","3","5600","NJ@TOR","TOR","NJ","","","",""
"21429-41391","C","Nathan","Nathan MacKinnon","MacKinnon","8.166666666666666","3","5500","BOS@COL","COL","BOS","","","",""
"21429-8702","C","Ryan","Ryan Kesler","Kesler","11.946341165682165","82","5500","NYI@ANH","ANH","NYI","IR","Hip","",""
"21429-21648","D","Torey","Torey Krug","Krug","4.800000190734863","1","5400","BOS@COL","BOS","COL","","","",""
"21429-8972","C","Tyler","Tyler Bozak","Bozak","16.066666920979817","3","5400","NJ@TOR","TOR","NJ","","","",""
"21429-12624","W","Tyler","Tyler Toffoli","Toffoli","15.600000381469727","2","5400","CGY@LA","LA","CGY","","","",""
"21429-12644","W","Kyle","Kyle Palmieri","Palmieri","18.600000381469727","1","5400","NJ@TOR","NJ","TOR","","","",""
"21429-9189","C","Mikael","Mikael Backlund","Backlund","13.333333333333334","3","5400","CGY@LA","CGY","LA","","","",""
"21429-8406","D","Drew","Drew Doughty","Doughty","10.399999618530273","2","5300","CGY@LA","LA","CGY","","","",""
"21429-9015","D","John","John Carlson","Carlson","12.966667175292969","3","5300","PIT@WAS","WAS","PIT","","","",""
"21429-15356","D","Dougie","Dougie Hamilton","Hamilton","8","3","5300","CGY@LA","CGY","LA","","","",""
"21429-39238","W","Anders","Anders Lee","Lee","7.733333587646484","3","5100","NYI@ANH","NYI","ANH","","","",""
"21429-8176","C","David","David Krejci","Krejci","15.449999809265137","2","5100","BOS@COL","BOS","COL","","","",""
"21429-8275","C","Matt","Matt Duchene","Duchene","12.533332824707031","3","4900","BOS@COL","COL","BOS","","","",""
"21429-13981","D","Tyson","Tyson Barrie","Barrie","14.833333333333334","3","4900","BOS@COL","COL","BOS","","","",""
"21429-12460","D","Cam","Cam Fowler","Fowler","11.066666920979818","3","4900","NYI@ANH","ANH","NYI","","","",""
"21429-8522","W","Marian","Marian Gaborik","Gaborik","7.701785496303013","56","4900","CGY@LA","LA","CGY","IR","Knee","",""
"21429-14697","W","Gabriel","Gabriel Landeskog","Landeskog","8.266666412353516","3","4900","BOS@COL","COL","BOS","","","",""
"21429-80991","C","Nico","Nico Hischier","Hischier","9.600000381469727","2","4800","NJ@TOR","NJ","TOR","","","",""
"21429-14473","W","Jakob","Jakob Silfverberg","Silfverberg","9.066666920979818","3","4800","NYI@ANH","ANH","NYI","","","",""
"21429-14474","D","Sami","Sami Vatanen","Vatanen","8.492957746478874","71","4800","NYI@ANH","ANH","NYI","IR","Shoulder","",""
"21429-8643","W","David","David Backes","Backes","9.874324489284206","74","4800","BOS@COL","BOS","COL","IR","Illness","",""
"21429-70375","D","Nikita","Nikita Zaitsev","Zaitsev","20.8000005086263","3","4700","NJ@TOR","TOR","NJ","","","",""
"21429-11204","D","Jake","Jake Muzzin","Muzzin","8.800000190734863","2","4600","CGY@LA","LA","CGY","","","",""
"21429-8259","W","Andrew","Andrew Ladd","Ladd","10","3","4500","NYI@ANH","NYI","ANH","","","",""
"21429-12952","D","Jake","Jake Gardiner","Gardiner","12.699999491373697","3","4500","NJ@TOR","TOR","NJ","","","",""
"21429-11158","D","T.J.","T.J. Brodie","Brodie","20.433333079020183","3","4500","CGY@LA","CGY","LA","","","",""
"21429-8838","D","Johnny","Johnny Boychuk","Boychuk","8","3","4400","NYI@ANH","NYI","ANH","","","",""
"21429-12220","W","Marcus","Marcus Johansson","Johansson","18.399999618530273","2","4400","NJ@TOR","NJ","TOR","","","",""
"21429-39870","W","Tanner","Tanner Pearson","Pearson","8","2","4400","CGY@LA","LA","CGY","","","",""
"21429-37881","D","Morgan","Morgan Rielly","Rielly","12.066666920979818","3","4400","NJ@TOR","TOR","NJ","","","",""
"21429-58877","W","Conor","Conor Sheary","Sheary","6.666666666666667","3","4400","PIT@WAS","PIT","WAS","","","",""
"21429-58985","W","Jakub","Jakub Vrana","Vrana","11.199999491373697","3","4300","PIT@WAS","WAS","PIT","","","",""
"21429-9325","W","Patrick","Patrick Eaves","Eaves","12.002531800089002","79","4300","NYI@ANH","ANH","NYI","DTD","Lower body","",""
"21429-82075","D","Will","Will Butcher","Butcher","13.550000190734863","2","4300","NJ@TOR","NJ","TOR","","","",""
"21429-8384","W","Michael","Michael Frolik","Frolik","4.799999872843425","3","4300","CGY@LA","CGY","LA","","","",""
"21429-8967","D","Alec","Alec Martinez","Martinez","10.428048482755335","82","4300","CGY@LA","LA","CGY","IR","Lower body","",""
"21429-11170","D","Nick","Nick Leddy","Leddy","5.333333333333333","3","4300","NYI@ANH","NYI","ANH","","","",""
"21429-12843","C","Adam","Adam Henrique","Henrique","12.050000190734863","2","4200","NJ@TOR","NJ","TOR","","","",""
"21429-8260","W","Kris","Kris Versteeg","Versteeg","15.533332824707031","3","4200","CGY@LA","CGY","LA","","","",""
"21429-23228","D","Justin","Justin Schultz","Schultz","9.866666793823242","3","4200","PIT@WAS","PIT","WAS","","","",""
"21429-54477","W","Bryan","Bryan Rust","Rust","13.333333333333334","3","4200","PIT@WAS","PIT","WAS","","","",""
"21429-21897","C","Brock","Brock Nelson","Nelson","5.866666793823242","3","4200","NYI@ANH","NYI","ANH","","","",""
"21429-23054","W","Leo","Leo Komarov","Komarov","14.466667175292969","3","4100","NJ@TOR","TOR","NJ","","","",""
"21429-39464","D","Hampus","Hampus Lindholm","Lindholm","7.3833331483783144","66","4100","NYI@ANH","ANH","NYI","IR","Shoulder","",""
"21429-8328","D","Matt","Matt Niskanen","Niskanen","5.866666793823242","3","4100","PIT@WAS","WAS","PIT","","","",""
"21429-43152","D","Damon","Damon Severson","Severson","5.599999904632568","2","4100","NJ@TOR","NJ","TOR","","","",""
"21429-70904","W","Matthew","Matthew Tkachuk","Tkachuk","7.466666539510091","3","4100","CGY@LA","CGY","LA","","","",""
"21429-70912","D","Charlie","Charlie McAvoy","McAvoy","12.649999618530273","2","4100","BOS@COL","BOS","COL","","","",""
"21429-8475","C","Travis","Travis Zajac","Zajac","8.365000152587891","80","4100","NJ@TOR","NJ","TOR","IR","Pectoral","",""
"21429-8495","W","Josh","Josh Bailey","Bailey","9.333333333333334","3","4100","NYI@ANH","NYI","ANH","","","",""
"21429-42862","D","Olli","Olli Maatta","Maatta","16","3","4100","PIT@WAS","PIT","WAS","","","",""
"21429-12667","C","Ryan","Ryan Spooner","Spooner","3.200000047683716","2","4100","BOS@COL","BOS","COL","","","",""
"21429-61859","D","Brandon","Brandon Montour","Montour","8.533333460489908","3","4100","NYI@ANH","ANH","NYI","","","",""
"21429-8357","W","Andrew","Andrew Cogliano","Cogliano","13.59999974568685","3","4000","NYI@ANH","ANH","NYI","","","",""
"21429-8647","D","Erik","Erik Johnson","Johnson","5.866666793823242","3","4000","BOS@COL","COL","BOS","","","",""
"21429-8186","D","Zdeno","Zdeno Chara","Chara","1.600000023841858","2","4000","BOS@COL","BOS","COL","","","",""
"21429-66601","W","Jake","Jake DeBrusk","DeBrusk","14","2","3900","BOS@COL","BOS","COL","","","",""
"21429-23229","W","Nail","Nail Yakupov","Yakupov","15.466667175292969","3","3900","BOS@COL","COL","BOS","","","",""
"21429-8411","D","Thomas","Thomas Hickey","Hickey","8","3","3900","NYI@ANH","NYI","ANH","","","",""
"21429-15272","W","Micheal","Micheal Ferland","Ferland","10.566666920979818","3","3900","CGY@LA","CGY","LA","","","",""
"21429-8203","W","Drew","Drew Stafford","Stafford","3.200000047683716","1","3800","NJ@TOR","NJ","TOR","DTD","Lower body","",""
"21429-8860","D","John","John Moore","Moore","12.600000381469727","2","3800","NJ@TOR","NJ","TOR","","","",""
"21429-42833","W","Andre","Andre Burakovsky","Burakovsky","7.466666539510091","3","3800","PIT@WAS","WAS","PIT","","","",""
"21429-43022","W","Connor","Connor Brown","Brown","10.40000025431315","3","3700","NJ@TOR","TOR","NJ","","","",""
"21429-13472","D","Dmitry","Dmitry Orlov","Orlov","3.7333332697550454","3","3700","PIT@WAS","WAS","PIT","","","",""
"21429-8391","D","Dennis","Dennis Seidenberg","Seidenberg","4.800000190734863","1","3700","NYI@ANH","NYI","ANH","","","",""
"21429-42791","W","Sven","Sven Andrighetto","Andrighetto","8.799999872843424","3","3700","BOS@COL","COL","BOS","","","",""
"21429-9040","D","Calvin","Calvin de Haan","de Haan","6.933333079020183","3","3700","NYI@ANH","NYI","ANH","","","",""
"21429-21926","D","Brian","Brian Dumoulin","Dumoulin","4.266666730244954","3","3700","PIT@WAS","PIT","WAS","","","",""
"21429-54194","D","Josh","Josh Manson","Manson","9.59999974568685","3","3700","NYI@ANH","ANH","NYI","","","",""
"21429-80369","W","Jesper","Jesper Bratt","Bratt","31.450000762939453","2","3700","NJ@TOR","NJ","TOR","","","",""
"21429-79904","C","Jakob","Jakob Forsbacka Karlsson","Forsbacka Karlsson","1.600000023841858","1","3600","BOS@COL","BOS","COL","","","",""
"21429-66606","D","Brandon","Brandon Carlo","Carlo","12.199999809265137","2","3600","BOS@COL","BOS","COL","","","",""
"21429-8295","C","Antoine","Antoine Vermette","Vermette","8.799999872843424","3","3600","NYI@ANH","ANH","NYI","","","",""
"21429-8402","W","Dustin","Dustin Brown","Brown","14","2","3600","CGY@LA","LA","CGY","","","",""
"21429-59117","W","Nick","Nick Ritchie","Ritchie","6.400000095367432","1","3600","NYI@ANH","ANH","NYI","DTD","Lower body","",""
"21429-8438","W","Michael","Michael Cammalleri","Cammalleri","1.600000023841858","2","3600","CGY@LA","LA","CGY","","","",""
"21429-8490","D","Andy","Andy Greene","Greene","8.800000190734863","2","3600","NJ@TOR","NJ","TOR","","","",""
"21429-8607","D","Brooks","Brooks Orpik","Orpik","4.799999872843425","3","3600","PIT@WAS","WAS","PIT","","","",""
"21429-65970","C","Pavel","Pavel Zacha","Zacha","0","2","3600","NJ@TOR","NJ","TOR","","","",""
"21429-8167","D","Ron","Ron Hainsey","Hainsey","9.59999974568685","3","3600","NJ@TOR","TOR","NJ","","","",""
"21429-8684","W","Nikolay","Nikolay Kulemin","Kulemin","3.7333332697550454","3","3600","NYI@ANH","NYI","ANH","","","",""
"21429-42994","D","Nikita","Nikita Zadorov","Zadorov","8.800000190734863","2","3600","BOS@COL","COL","BOS","","","",""
"21429-11254","D","Ian","Ian Cole","Cole","4.266666730244954","3","3600","PIT@WAS","PIT","WAS","IR","Mouth","",""
"21429-15357","W","Carl","Carl Hagelin","Hagelin","5.866666793823242","3","3600","PIT@WAS","PIT","WAS","","","",""
"21429-8711","D","Kevin","Kevin Bieksa","Bieksa","3.7333332697550454","3","3500","NYI@ANH","ANH","NYI","","","",""
"21429-15401","D","Kevan","Kevan Miller","Miller","0.800000011920929","2","3500","BOS@COL","BOS","COL","","","",""
"21429-68663","D","Andy","Andy Welinski","Welinski","0","0","3500","NYI@ANH","ANH","NYI","","","",""
"21429-79935","W","Alex","Alex Iafallo","Iafallo","4.800000190734863","2","3500","CGY@LA","LA","CGY","","","",""
"21429-9314","D","Paul","Paul Postma","Postma","4.04923095703125","65","3500","BOS@COL","BOS","COL","","","",""
"21429-53866","D","Adam","Adam Pelech","Pelech","3.7333332697550454","3","3500","NYI@ANH","NYI","ANH","","","",""
"21429-66685","C","Mathew","Mathew Barzal","Barzal","4.799999872843425","3","3500","NYI@ANH","NYI","ANH","","","",""
"21429-66688","D","Rasmus","Rasmus Andersson","Andersson","3.200000047683716","1","3500","CGY@LA","CGY","LA","","","",""
"21429-8841","D","Adam","Adam McQuaid","McQuaid","3.200000047683716","2","3500","BOS@COL","BOS","COL","","","",""
"21429-42636","D","Chris","Chris Bigras","Bigras","4.266666730244954","3","3500","BOS@COL","COL","BOS","","","",""
"21429-43167","D","Mirco","Mirco Mueller","Mueller","11.399999618530273","2","3500","NJ@TOR","NJ","TOR","","","",""
"21429-70325","D","Paul","Paul LaDue","LaDue","5.909090909090909","22","3500","CGY@LA","LA","CGY","","","",""
"21429-43200","D","Ryan","Ryan Pulock","Pulock","1.600000023841858","1","3500","NYI@ANH","NYI","ANH","","","",""
"21429-54475","D","Christian","Christian Folin","Folin","4","2","3500","CGY@LA","LA","CGY","","","",""
"21429-8923","D","Taylor","Taylor Chorney","Chorney","5.333333333333333","3","3500","PIT@WAS","WAS","PIT","","","",""
"21429-14561","W","Jaromir","Jaromir Jagr","Jagr","8.957317073170731","82","3500","CGY@LA","CGY","LA","","","",""
"21429-82162","D","Turner","Turner Ottenbreit","Ottenbreit","0","0","3500","NYI@ANH","ANH","NYI","","","",""
"21429-8956","D","Michael","Michael Stone","Stone","6.400000254313151","3","3500","CGY@LA","CGY","LA","","","",""
"21429-82179","W","Alexander","Alexander Kerfoot","Kerfoot","4.266666730244954","3","3500","BOS@COL","COL","BOS","","","",""
"21429-62723","W","Ondrej","Ondrej Kase","Kase","10.933333079020182","3","3500","NYI@ANH","ANH","NYI","DTD","Head","",""
"21429-59140","D","Kevin","Kevin Gravel","Gravel","5.065306060168208","49","3500","CGY@LA","LA","CGY","","","",""
"21429-12601","D","Dalton","Dalton Prout","Prout","3.696551618904903","29","3500","NJ@TOR","NJ","TOR","","","",""
"21429-12609","W","Zach","Zach Hyman","Hyman","11.733333587646484","3","3500","NJ@TOR","TOR","NJ","","","",""
"21429-9036","D","Travis","Travis Hamonic","Hamonic","2.6666666666666665","3","3500","CGY@LA","CGY","LA","","","",""
"21429-12120","D","Matt","Matt Bartkowski","Bartkowski","3.7333332697550454","3","3500","CGY@LA","CGY","LA","","","",""
"21429-42842","D","Madison","Madison Bowey","Bowey","0","0","3500","PIT@WAS","WAS","PIT","","","",""
"21429-42844","D","Connor","Connor Carrick","Carrick","5.599999904632568","2","3500","NJ@TOR","TOR","NJ","DTD","Upper body","",""
"21429-39261","D","Scott","Scott Mayfield","Mayfield","4","2","3500","NYI@ANH","NYI","ANH","","","",""
"21429-39264","D","Derek","Derek Forbort","Forbort","8","2","3500","CGY@LA","LA","CGY","","","",""
"21429-14184","D","Martin","Martin Marincin","Marincin","5.615999755859375","25","3500","NJ@TOR","TOR","NJ","","","",""
"21429-59253","W","Joshua","Joshua Ho-Sang","Ho-Sang","5.599999904632568","2","3500","NYI@ANH","NYI","ANH","","","",""
"21429-39295","C","Carl","Carl Soderberg","Soderberg","13.399999618530273","2","3500","BOS@COL","COL","BOS","","","",""
"21429-14217","D","Patrik","Patrik Nemeth","Nemeth","8","3","3500","BOS@COL","COL","BOS","","","",""
"21429-39309","D","Chad","Chad Ruhwedel","Ruhwedel","5.973529591279871","34","3500","PIT@WAS","PIT","WAS","","","",""
"21429-38289","D","Steve","Steve Oleksy","Oleksy","5.090909090909091","11","3500","NYI@ANH","ANH","NYI","","","",""
"21429-15259","D","Frank","Frank Corrado","Corrado","2","4","3500","PIT@WAS","PIT","WAS","","","",""
"21429-70582","D","Anton","Anton Lindholm","Lindholm","2.4000000953674316","2","3500","BOS@COL","COL","BOS","","","",""
"21429-9145","D","Ben","Ben Lovejoy","Lovejoy","3.200000047683716","1","3500","NJ@TOR","NJ","TOR","","","",""
"21429-8650","D","Roman","Roman Polak","Polak","5.58933349609375","75","3500","NJ@TOR","TOR","NJ","","","",""
"21429-42962","D","Brett","Brett Kulak","Kulak","3.5809522356305803","21","3500","CGY@LA","CGY","LA","","","",""
"21429-58332","C","Sam","Sam Bennett","Bennett","2.133333365122477","3","3500","CGY@LA","CGY","LA","","","",""
"21429-70117","D","Steven","Steven Santini","Santini","4","2","3500","NJ@TOR","NJ","TOR","","","",""
"21429-12265","D","Mark","Mark Barberio","Barberio","8","1","3500","BOS@COL","COL","BOS","","","",""
"21429-12266","D","Korbinian","Korbinian Holzer","Holzer","1.600000023841858","2","3500","NYI@ANH","ANH","NYI","","","",""
"21429-80363","D","Andrei","Andrei Mironov","Mironov","1.600000023841858","1","3500","BOS@COL","COL","BOS","","","",""
"21429-8687","D","Francois","Francois Beauchemin","Beauchemin","6.933333079020183","3","3500","NYI@ANH","ANH","NYI","","","",""
"21429-8191","D","Matt","Matt Hunwick","Hunwick","4.266666730244954","3","3500","PIT@WAS","PIT","WAS","","","",""
"21429-12449","W","Brett","Brett Connolly","Connolly","6.666666666666667","3","3400","PIT@WAS","WAS","PIT","","","",""
"21429-9990","C","Lars","Lars Eller","Eller","6.933333079020183","3","3400","PIT@WAS","WAS","PIT","","","",""
"21429-9275","W","Kyle","Kyle Clifford","Clifford","6.400000095367432","2","3300","CGY@LA","LA","CGY","","","",""
"21429-9293","W","Troy","Troy Brouwer","Brouwer","1.6000000635782878","3","3300","CGY@LA","CGY","LA","","","",""
"21429-61549","W","Frank","Frank Vatrano","Vatrano","3.200000047683716","2","3300","BOS@COL","BOS","COL","","","",""
"21429-66686","W","Anthony","Anthony Beauvillier","Beauvillier","7.200000127156575","3","3300","NYI@ANH","NYI","ANH","","","",""
"21429-8464","W","Colin","Colin Wilson","Wilson","4.799999872843425","3","3300","BOS@COL","COL","BOS","","","",""
"21429-9014","C","Jay","Jay Beagle","Beagle","4.266666730244954","3","3300","PIT@WAS","WAS","PIT","","","",""
"21429-14149","W","Jimmy","Jimmy Hayes","Hayes","12.649999618530273","2","3300","NJ@TOR","NJ","TOR","","","",""
"21429-12672","C","Greg","Greg McKegg","McKegg","8","3","3300","PIT@WAS","PIT","WAS","","","",""
"21429-8300","W","Jason","Jason Chimera","Chimera","8.533333460489908","3","3200","NYI@ANH","NYI","ANH","","","",""
"21429-70279","C","J.T.","J.T. Compher","Compher","11.59999974568685","3","3200","BOS@COL","COL","BOS","","","",""
"21429-54947","W","Dennis","Dennis Rasmussen","Rasmussen","4.799999872843425","3","3200","NYI@ANH","ANH","NYI","","","",""
"21429-23226","W","Tom","Tom Wilson","Wilson","4.907316998737614","82","3200","PIT@WAS","WAS","PIT","O","Suspension","",""
"21429-21755","W","Alex","Alex Chiasson","Chiasson","2.133333365122477","3","3200","PIT@WAS","WAS","PIT","","","",""
"21429-70908","C","Tyson","Tyson Jost","Jost","5.866666793823242","3","3200","BOS@COL","COL","BOS","","","",""
"21429-8966","W","Trevor","Trevor Lewis","Lewis","10","2","3200","CGY@LA","LA","CGY","","","",""
"21429-8503","W","Blake","Blake Comeau","Comeau","3.7333332697550454","3","3200","BOS@COL","COL","BOS","","","",""
"21429-39234","W","Matt","Matt Nieto","Nieto","1.600000023841858","1","3200","BOS@COL","COL","BOS","","","",""
"21429-8517","C","Brian","Brian Boyle","Boyle","7.06933349609375","75","3200","NJ@TOR","NJ","TOR","IR","Illness","",""
"21429-39242","C","Tim","Tim Schaller","Schaller","5.599999904632568","2","3200","BOS@COL","BOS","COL","","","",""
"21429-42860","W","Curtis","Curtis Lazar","Lazar","7.199999809265137","2","3200","CGY@LA","CGY","LA","","","",""
"21429-39311","C","Nick","Nick Shore","Shore","12.399999618530273","2","3200","CGY@LA","LA","CGY","","","",""
"21429-15286","W","Stefan","Stefan Noesen","Noesen","10","2","3200","NJ@TOR","NJ","TOR","","","",""
"21429-70118","W","Miles","Miles Wood","Wood","1.600000023841858","1","3200","NJ@TOR","NJ","TOR","","","",""
"21429-13913","W","Tom","Tom Kuhnhackl","Kuhnhackl","2.133333365122477","3","3100","PIT@WAS","PIT","WAS","","","",""
"21429-9390","C","Dominic","Dominic Moore","Moore","15.199999809265137","1","3100","NJ@TOR","TOR","NJ","","","",""
"21429-43196","C","Alan","Alan Quine","Quine","5.62459026399206","61","3100","NYI@ANH","NYI","ANH","IR","Upper body","",""
"21429-8425","W","Cal","Cal Clutterbuck","Clutterbuck","1.600000023841858","1","3100","NYI@ANH","NYI","ANH","DTD","Lower body","",""
"21429-9033","C","Casey","Casey Cizikas","Cizikas","16.666666666666668","3","3100","NYI@ANH","NYI","ANH","","","",""
"21429-42841","W","Nathan","Nathan Walker","Walker","7.599999904632568","2","3100","PIT@WAS","WAS","PIT","","","",""
"21429-12645","W","Devante","Devante Smith-Pelly","Smith-Pelly","4.266666730244954","3","3100","PIT@WAS","WAS","PIT","","","",""
"21429-62861","W","Noel","Noel Acciari","Acciari","4.800000190734863","1","3100","BOS@COL","BOS","COL","IR","Hand","",""
"21429-8675","C","Matt","Matt Stajan","Stajan","4.799999872843425","3","3100","CGY@LA","CGY","LA","","","",""
"21429-68609","W","Nick","Nick Lappin","Lappin","4.204651233761809","43","3000","NJ@TOR","NJ","TOR","","","",""
"21429-15365","W","Andy","Andy Andreoff","Andreoff","2.4444444444444446","36","3000","CGY@LA","LA","CGY","","","",""
"21429-43024","C","Frederik","Frederik Gauthier","Gauthier","3.9619046165829612","21","3000","NJ@TOR","TOR","NJ","IR","Leg","",""
"21429-11293","C","Joe","Joe Colborne","Colborne","2.9145160798103578","62","3000","BOS@COL","COL","BOS","","","",""
"21429-68648","W","Sean","Sean Kuraly","Kuraly","4.800000190734863","2","3000","BOS@COL","BOS","COL","","","",""
"21429-8753","W","Tanner","Tanner Glass","Glass","1.0666666825612385","3","3000","CGY@LA","CGY","LA","","","",""
"21429-62019","W","Nikita","Nikita Soshnikov","Soshnikov","4.45178576878139","56","3000","NJ@TOR","TOR","NJ","","","",""
"21429-80481","W","Anders","Anders Bjork","Bjork","6.400000095367432","2","3000","BOS@COL","BOS","COL","","","",""
"21429-8304","W","Jared","Jared Boll","Boll","0.5333333412806193","3","3000","NYI@ANH","ANH","NYI","","","",""
"21429-42628","W","Andrew","Andrew Agozzino","Agozzino","0","0","3000","BOS@COL","COL","BOS","","","",""
"21429-14469","C","Freddie","Freddie Hamilton","Hamilton","2.8307691720815806","26","3000","CGY@LA","CGY","LA","","","",""
"21429-42629","W","Joseph","Joseph Blandisi","Blandisi","4.981481481481482","27","3000","NJ@TOR","NJ","TOR","","","",""
"21429-10886","W","Stephen","Stephen Gionta","Gionta","3.4769231356107273","26","3000","NYI@ANH","NYI","ANH","","","",""
"21429-12438","C","Riley","Riley Nash","Nash","3.200000047683716","2","3000","BOS@COL","BOS","COL","","","",""
"21429-14486","W","Garrett","Garrett Wilson","Wilson","0","0","3000","PIT@WAS","PIT","WAS","","","",""
"21429-9393","W","Eric","Eric Fehr","Fehr","4","2","3000","NJ@TOR","TOR","NJ","","","",""
"21429-8887","W","Ryan","Ryan Reaves","Reaves","7.200000127156575","3","3000","PIT@WAS","PIT","WAS","","","",""
"21429-54478","C","Nic","Nic Dowd","Dowd","1.600000023841858","1","3000","CGY@LA","LA","CGY","","","",""
"21429-66791","W","Carter","Carter Rowney","Rowney","4.799999872843425","3","3000","PIT@WAS","PIT","WAS","","","",""
"21429-58685","W","Josh","Josh Archibald","Archibald","5.8799999237060545","10","3000","PIT@WAS","PIT","WAS","","","",""
"21429-62276","C","Austin","Austin Czarnik","Czarnik","0","1","3000","BOS@COL","BOS","COL","","","",""
"21429-62295","W","Jonny","Jonny Brodzinski","Brodzinski","0","1","3000","CGY@LA","LA","CGY","","","",""
"21429-13657","C","Derek","Derek Grant","Grant","2.6666666666666665","3","3000","NYI@ANH","ANH","NYI","","","",""
"21429-62817","W","Blake","Blake Pietila","Pietila","3.0399999618530273","10","3000","NJ@TOR","NJ","TOR","","","",""
"21429-82275","C","Alexander","Alexander Dergachyov","Dergachyov","0","0","3000","CGY@LA","LA","CGY","","","",""
"21429-82276","C","Oskar","Oskar Steen","Steen","0","0","3000","BOS@COL","BOS","COL","","","",""
"21429-62826","W","Anton","Anton Blidh","Blidh","3.5789473684210527","19","3000","BOS@COL","BOS","COL","","","",""
"21429-21895","C","Chris","Chris Wagner","Wagner","2.6666666666666665","3","3000","NYI@ANH","ANH","NYI","","","",""
"21429-15255","W","Josh","Josh Leivo","Leivo","10.700000469501202","13","3000","NJ@TOR","TOR","NJ","","","",""
"21429-15288","W","Shane","Shane Prince","Prince","5.965999755859375","50","3000","NYI@ANH","NYI","ANH","IR","Ankle","",""
"21429-59323","C","Connor","Connor Jones","Jones","2","4","3000","NYI@ANH","NYI","ANH","","","",""
"21429-15298","C","Tyler","Tyler Graovac","Graovac","1.600000023841858","1","3000","PIT@WAS","WAS","PIT","","","",""
"21429-62429","C","Adrian","Adrian Kempe","Kempe","1.600000023841858","2","3000","CGY@LA","LA","CGY","","","",""
"21429-39395","C","Logan","Logan Shaw","Shaw","4.266666730244954","3","3000","NYI@ANH","ANH","NYI","","","",""
"21429-9196","W","Matt","Matt Martin","Martin","3.2000001271565757","3","3000","NJ@TOR","TOR","NJ","","","",""